"Year","Annual_avg_precip"
1989,18.5414285714286
1989,0.0323510785671878
1990,0.0388675799086758
1991,0.0461888064733648
1992,0.0412411917418717
1993,0.0236198630136986
1994,0.0313114941216756
1995,0.0245329827369384
1996,0.0310163882760794
1997,0.0314098173515982
1998,0.0261120302528953
1999,0.0281472602739726
2000,0.0313399362477231
2001,0.0236958756997601
2002,0.0247415506958251
